{
    "All": {
        "columnsToExclude": [
            "@odata.context",
            "@odata.type",
            "EntitySource",
            "ETag",
            "LastModifiedTime",
            "Lsn",
            "RefAccountMissingDetectionDate",
            "Version"
        ],
        "columnsToRename": [
            { "ContextId": "AzureADTenantId" }
        ]
    },
    "AppInstallStatus": {
        "columnsToExclude": [
            "createdDateTime",
            "description",
            "installSummary",
            "installSummary@odata.context",
            "isFeatured",
            "largeIcon",
            "lastModifiedDateTime",
            "licenseType",
            "notes",
            "packageIdentityName",
            "privacyInformationUrl",
            "publishingState",
            "totalLicenseCount",
            "uploadState",
            "usedLicenseCount"
        ]
    },
    "Device": {
        "columnsToExclude": [
            "AccountId",
            "ActivationLockBypassCode",
            "AndroidPatchLevel",
            "AndroidResetToken",
            "AndroidResetTokenLastModifiedDateUtc",
            "Capabilities",
            "CategoryId",
            "CategoryName",
            "CategorySetByEndUser",
            "CertExpirationDate",
            "ChassisType",
            "ClientRegistrationStatus",
            "ComputerOSDetail",
            "ConnectorId",
            "CreatedDate",
            "DeleteTime",
            "DeviceAction",
            "DeviceDataStoreServiceRegistrationId",
            "DeviceType",
            "DiscoverySources",
            "DomainName",
            "EasAccessState",
            "EasActivationStatus",
            "EASCaEnforced",
            "EasDeviceUserAgent",
            "EasFirstSyncUtc",
            "EasIdCollectionForOffice365",
            "EasIdItems",
            "EasLastSyncAttemptUtc",
            "EasLastSyncSuccessUtc",
            "EasPolicyApplicationStatus",
            "EasPolicyAppliedName",
            "EasReportedPolicy",
            "EasRetireDateUtc",
            "EasStateReason",
            "EasWipeCompletedUtc",
            "EasWipeRequestUtc",
            "EasWipeSentUtc",
            "EncryptionStatus",
            "EnrollmentProfileName",
            "EnrollmentType",
            "EntitySource",
            "EntitySourceLastModifiedDate",
            "ExchangeAccessEnabled",
            "GraphDeviceIsCompliant",
            "GraphDeviceIsCompliantLastUpdateTime",
            "GraphDeviceIsManaged",
            "GraphDeviceIsManagedLastUpdateTime",
            "GraphPatchAuditHistory",
            "GuidKey1",
            "InGracePeriodUntil",
            "InventorySyncLastRequestTime",
            "IsBulkEnrollment",
            "IsDelete",
            "IsGdprAnonymized",
            "IsGraphDevicePropertiesSynced",
            "IsManaged",
            "JailBroken",
            "LastApplicationInventoryCollectDate",
            "LastBackfillTimeFromDeviceAction",
            "LastContact",
            "LastContactNotification",
            "LastContactWorkplaceJoin",
            "LastEDPReportTime",
            "LastExchangeStatusUtc",
            "LastOneDayInventoryCollectDate",
            "LastPolicyUpdateUtc",
            "LostModeStatus",
            "ManagementAgents",
            "ManagementState",
            "Manufacturer",
            "MDMStatus",
            "MDMWinsOverGPStartTime",
            "Model",
            "ModifiedDate",
            "NotFoundInAadTime",
            "NotifyReason",
            "OnPremMDMStatus",
            "OrganizationalUnit",
            "OSBuildNumber",
            "OSDescription",
            "OSFamily",
            "OSInfoLanguage",
            "OSMajorVersion",
            "OSMinorVersion",
            "OSRevisionNumber",
            "OSVersion",
            "OwnerType",
            "PlainBlob",
            "PolicyComplianceStatusReason",
            "ProcessorArchitecture",
            "PublicKey",
            "ReferenceIdValidationStatus",
            "SCCMCoManagementFeatures",
            "ShouldResendFullRegistrationData",
            "ShouldResendFullRegistrationDataToSccm",
            "SignedBlob",
            "SiteCode",
            "SourceType",
            "StagedDeviceType",
            "StateMessageSyncLastRequestTime",
            "StorageFree",
            "StorageTotal",
            "SubscriberCarrierNetwork",
            "SupervisedStatus",
            "SyntheticState",
            "TattooRemovalEndSuspendTime",
            "TemStatus",
            "UserApprovedEnrollment",
            "WorkplaceJoinStatus"
        ],
        "columnsToRename": [
            { "GuidKey2": "DeviceId" }
        ]
    },
    "ManagedAppRegistration": {
        "columnsToExclude": [
            "appIdentifier",
            "applicationVersion",
            "appliedPolicies",
            "createdDateTime",
            "deviceType",
            "flaggedReasons",
            "intendedPolicies",
            "lastSyncDateTime",
            "managementSdkVersion",
            "platformVersion",
            "version"
        ]
    },
    "ManagedDevice": {
        "columnsToExclude": [
            "aadRegistered",
            "activationLockBypassCode",
            "androidSecurityPatchLevel",
            "azureADRegistered",
            "chassisType",
            "complianceGracePeriodExpirationDateTime",
            "complianceState",
            "configurationManagerClientEnabledFeatures",
            "deviceCategory",
            "deviceCategoryDisplayName",
            "deviceEnrollmentType",
            "deviceHealthAttestationState",
            "deviceRegistrationState",
            "deviceType",
            "easActivated",
            "easActivationDateTime",
            "enrolledDateTime",
            "exchangeAccessState",
            "exchangeAccessStateReason",
            "exchangeLastSuccessfulSyncDateTime",
            "freeStorageSpaceInBytes",
            "isEncrypted",
            "isSupervised",
            "jailBroken",
            "lastSyncDateTime",
            "lostModeState",
            "managementAgent",
            "managementState",
            "manufacturer",
            "model",
            "operatingSystem",
            "osVersion",
            "ownerType",
            "partnerReportedThreatState",
            "remoteAssistanceSessionErrorDetails",
            "remoteAssistanceSessionErrorString",
            "remoteAssistanceSessionUrl",
            "subscriberCarrier",
            "totalStorageSpaceInBytes"
        ]
    },
    "ManagedDevice.hardwareInformation": {
        "columnsToExclude": [
            "deviceGuardLocalSystemAuthorityCredentialGuardState",
            "deviceGuardVirtualizationBasedSecurityHardwareRequirementState",
            "deviceGuardVirtualizationBasedSecurityState",
            "isSharedDevice",
            "operatingSystemEdition",
            "sharedDeviceCachedUsers",
            "tpmSpecificationVersion"
        ]
    },
    "User": {
        "columnsToExclude": [
            "AccountId",
            "Blocked",
            "Capabilities",
            "CreatedDate",
            "DirSyncEnabled",
            "EntitySource",
            "ETag",
            "IntuneLicensed",
            "IntuneLicenseFlags",
            "IsDeleted",
            "IsInterestingToGFS",
            "Lsn",
            "Office365Licensed",
            "PreferredDataLocation",
            "PreferredLanguage",
            "ProvisionedFrom",
            "RefAccountMissingDetectionDate",
            "RetryCount",
            "Roles",
            "SCCMLicensed",
            "SoftDeleteTimestamp",
            "State",
            "UserAuthority",
            "UserLicenseSource",
            "UserProcessing",
            "UserProperties"
        ],
        "columnsToRename": [
            { "Key": "UserId" }
        ]
    }
}